company_name,phone_number
Al Manama Typing & Business Consultancy LLC,+971800626262
Al Manama Typing & Business Consultancy LLC,+971547349001
Al Manama Typing & Business Consultancy LLC,+971508089568
AH Auditing of Accounts LLC,+97142981127
AH Auditing of Accounts LLC,+971585907561
AH Auditing of Accounts LLC,+971504597561
Confident Corporate Services Provider (CSP),+97143709977
Confident Corporate Services Provider (CSP),+971558733670
Index Attestation and Business Setup,+97142282144
Index Attestation and Business Setup,+971505915724
The Travel Crafters Tourism LLC,+971542812633
The Travel Crafters Tourism LLC,+97155566018
A S Documents Clearance,+971565909369
AARRC Accounting & Consultancy LLC,+971558607943
AARRC Accounting & Consultancy LLC,+971561937863
AB Capital Services,+971523655193
Ahk Consultants Fz Llc,+971565538398
Al Hamd Legal Translation Services,+971568698277
Al Hamd Legal Translation Services,+971528904262
Al Raqeem Intellectual Property,+97143213314
Al Raqeem Intellectual Property,+971507972020
Al Rushdi Commercial Broker LLC,+97142411194
Al Rushdi Commercial Broker LLC,+971554400194
Algomeda Corporate Services Providers Co LLC,+971505053319
Algomeda Corporate Services Providers Co LLC,+971553942948
Amazon Attestation And Documents Clearing,+971555726324
Amazon Attestation And Documents Clearing,+971506381920
Amazon Attestation And Documents Clearing,+97142528846
Amazon Attestation And Documents Clearing,+971545820984
Amer Tasheel Documents Clearing Services Co,+97145572160
Amer Tasheel Documents Clearing Services Co,+971523200025
Arab Dreams Business Management Consultancy,+971582899477
Asad Abbas & Co. (Chartered Accountants),+97144329083
Asad Abbas & Co. (Chartered Accountants),+971506256518
Auxilium Hub Corporate Services Providers Co LLC,+97143681119
Auxilium Hub Corporate Services Providers Co LLC,+971501612910
B4B Business Consultancy,+971558533385
Featured Companies,04-3301419
N/A,0097142832133
Biz Track FZ LLC,+97145298794
Biz Track FZ LLC,+971508813097
Bizcare Corporate Services,+971561664177
Bizdoc Businessman Services LLC,+97145707920
Bizdoc Businessman Services LLC,+971524740055
Blue Catalyst Trademark Services,+97143449947
Blue Catalyst Trademark Services,+971522000866
Business and Beyond Consulting LLC,+971554475703
Commitbiz LLC,+97148714159
Commitbiz LLC,+971502454732
Corppluse Management Consultancy FZCO,+97146657800
Corppluse Management Consultancy FZCO,+971585063165
Dahhan Business Services,+97143881525
Dahhan Business Services,+971501990879
Dasar Talent Solutions,+971526104353
Eiger Marvel Human Resources Consultancies,+97143212410
Eiger Marvel Human Resources Consultancies,+971502306505
Euro Sky Business Information Centre,+97143968094
EvaSpire Documents Clearing Services,+97145477996
EvaSpire Documents Clearing Services,+971505013133
Expatbusinesses Corporate Service Provider LLC,+97142293179
Expatbusinesses Corporate Service Provider LLC,+971509827414
Expatbusinesses Corporate Service Provider LLC,+971509378616
Exsus Dubai,+97144578644
Exsus Dubai,+971521203863
Farooqi Corporate Services FZ LLC,+971553031450
Fast Business Service LLC,+971526074452
Fast Grow Business And Banking Consultant FZE LLC,+971501007726
Fazah Digital Documents Clearing Services,+97142677515
Fazah Digital Documents Clearing Services,+971569204757
Gibaz Venturez Hub,+971529805187
High Plan Documents Clearing Services,+97143311276
High Plan Documents Clearing Services,+971586788911
Featured Companies,04-3301419
N/A,0097142832133
Innovation Suite,+971545443174
Innovation Suite,+971503578033
Invest Biz Corporate Services LLC,+971582056236
Italiacamp EMEA FZE,+97147183100
Italiacamp EMEA FZE,+971565066161
JustProbiz Documents Clearing Services LLC,+97144480078
JustProbiz Documents Clearing Services LLC,+971553771387
Khyber Documents Clearing Services LLC,+971557711853
LeadWise Management Consultancy,+971502250056
Lemar Corporate Services LLC,+971523767776
Malik Aqib Typing & Photocopying Services,+971582546132
Multy Hands Businessmen Services,+97143965566
Multy Hands Businessmen Services,+971559072200
One Step Corporate Service Provider LLC,+971567150703
Proactive Zone Documents Clearing LLC,+971542196365
Quickplus Business Consultants,+97144089000
Quickplus Business Consultants,+971542508987
SBS Businessmen Services,+97143963967
SBS Businessmen Services,+971551846480
Startup Guru Business Center,+97143432219
Startup Guru Business Center,+971544426360
Tailex Accounting And Tax Solutions,+971559476506
Taqreer Group,+97142244066
Taqreer Group,+971521358008
Trusty Consultants,+97142845944
Trusty Consultants,+971504821525
TVC Document Clearing Services,+971524485979
Urgent Advanced Epaper Work Documents Clearing,+971563325532
Venture Point LLC,+971565960946
Featured Companies,971527839777
N/A,0097142832133
Yasin Al Hamed Advocates and Legal Consultants,+97142955575
Yasin Al Hamed Advocates and Legal Consultants,+971563898855
Yathiq Document Clearing Service LLC,+97145709365
Yathiq Document Clearing Service LLC,+971585899131
ZeeVista Business Advisors,+971589240562
Spark Point Business Setup Consultants,+971565024500
Spark Point Business Setup Consultants,+971565791988
A 1 Business Services LLC,+97142564744
A B M Marks and Rights,+97143578188
A&M Alansari Auditing,+97142955582
A&M Alansari Auditing,+971526444814
A2Z Professional Business Services,+97142844668
A2Z Professional Business Services,+971521819966
AAC Global,+971557697230
ACT PRO and Business Services LLC,+97144281505
Advance Businessmen Services,+97142593744
Afdal Business Setup,+971589318302
Afdal Business Setup,+971526324461
Affiniax Partners,+97144256616
Affiniax Partners,+971553346081
AGNplus Consulting,+97142945700
Al Fatah Businessmen Services,+97142551431
Al Gazal Businessmen Services LLC,+97142220143
Al Nakheel Businessmen Services,+97142233568
Al Shaikh Auditing - Mc Millan Woods,+97143367000
Al Shaikh Auditing - Mc Millan Woods,+971553971005
Al Shaqsi Trading LLC,+97143328211
Al Taif Businessmen Svcs,+97142274987
N/A,0097142832133
Axiom Mark Consultants,+97143705787
Axiom Mark Consultants,+971504216994
Ayeza Documents Clearing Services LLC,+97142726070
Ayeza Documents Clearing Services LLC,+971566878652
AYS Consultancy,+971556012272
Baker Tilly MKM Chartered Accountants,+97144475447
Baker Tilly MKM Chartered Accountants,+97148871719
Best Idea Businessmen Services,+97142949338
Bestax Chartered Accountants,+971567981808
Bizcafe Corporate Services Provider,+97142820044
Bizcafe Corporate Services Provider,+971569977164
Business Incorporation Zone,+97143873401
Business Management Services Consultants,+97142660670
Business Setup Consultants,+97144301245
Centennial Solution Broker,+971521429483
Chambers Business Advisory JLT,+97144231063
Charters International Business Services LLC,+97142948234
Clever Crop Business Setup in Dubai,+97145804048
Clever Crop Business Setup in Dubai,+971586412031
Commitbiz Management Consultants,+97145973709
Commitbiz Management Consultants,+971557548296
Consultzone Business Solution Experts,+971565155115
Corona Business Solutions,+97142643224
Corpcreators,+971585857341
Cratus Business Center,+97143995558
Cratus Business Center,+971564988658
Featured Companies,04-3301419
Featured Companies,97142272121
N/A,0097142832133
Desirelink Typing Services,+97142248746
Desirelink Typing Services,+971526313444
Dubiz Business Setup Consultancy,+971562986853
Easy Setup LLC,+97145657341
Easy Setup LLC,+971567771075
Easy Way Business Services,+97142955018
Emirates Businessmen Services,+97143108000
Espada Business Center,+97143329111
Espada Business Center,+971529366959
Evergreen Business Services LLC,+97142943886
Evergreen Business Services LLC,+971529486578
Excellence Auditing and Business consultancy,+97143992031
Excellence Auditing and Business consultancy,+971565097213
Fast & Serious Businessmen Services,+97144276663
Fast Business Line LLC,+97142979749
Fast Business Line LLC,+971556109065
First Connect Business Services FZC,+971559767900
First Steps,+97143913500
Flying Colours Business Setup Services,+97144542366
FMS Businessmen Services LLC,+97142635527
Future Dream Corporate Services Provider,+971524093924
Future Vision Business Services LLC,+97145548885
Future Vision Business Services LLC,+971505820242
Genius Businessmen Services,+97143383326
Griffin Nagda and Co,+97142975010
Gulf Business Advisors,+971508567709
Gulf Network,+97143241404
N/A,0097142832133
Gulf Pearl Group,+97143328991
Horwath Mak Business Consulting,+97142367588
Horwath Mak Business Consulting,+971562660448
IBEX Business Center LLC,+971523775789
IBSS Consultant,+971506639697
Idea Bizone,+97145541440
Ideal Legal Translation and Businessmen Services,+97142223699
Ideal Legal Translation and Businessmen Services,+971559779681
Impact Business Services,+97143572691
Indian Business and Professional Council,+97143324300
International Business Links,+97142555525
International Business Links,+971564555126
International Network Businessmen Services,+97142219222
Invest First Documents Clearing Services Co LLC,+971588773753
Invest First Documents Clearing Services Co LLC,+971564712381
Irha Accounting and Auditing,+97142734486
Irha Accounting and Auditing,+971545122325
Juriszone Cooperate Services Provider CSP LLC,+971505046703
Just Wills,+97144573177
Just Wills,+971502567121
Keynes Businessmen Services LLC,+97144315660
Le Vamos Business Solutions LLC,+971585567272
Le Vamos Business Solutions LLC,+971501427727
Make My Company Business Setup Services,+971582788553
Mega Line,+97142525662
Mega Line,+971564504308
MSZ Consultancy,+97142297508
MSZ Consultancy,+971525441248
Nam Associates,+97143888438
Featured Companies,971556751770
N/A,0097142832133
Nasiha DMCC,+97145762814
Navaida Solutions And Services JLT,+97144509805
Nexswitch Corporate Services LLC,+971545249734
Nexswitch Corporate Services LLC,+971585962025
One Stop,+97143431433
Perfect Time Businessmen Services,+97142526655
Precious Point Business Services LLC,+97142959965
Principles Accounting LLC,+97142411413
Principles Accounting LLC,+971564278472
PRO Team,+97143966221
Profound,+971585644911
Profound Business Services,+97143206111
Profound Business Services,+971552096715
Qamber Corporate Services,+971544552352
Radiantbiz,+971552347124
Renaissance Translation and Businessmen Services,+97144329206
Right Corporate Services,+97143379088
Right Corporate Services,+971509429176
RSM Dahman,+97145547423
S A B Service Provider,+97143233854
S A B Service Provider,+971585791578
S F Services,+97142959317
Satguru Business Center LLC,+971569891667
Saudi Gulf Intertrade LLC,+97144310722
Saudi Gulf Intertrade LLC,+97143324411
Score Plus Auditing,+97142973060
Score Plus Auditing,+971507008161
Featured Companies,04-3301419
Featured Companies,97165348761
Featured Companies,971508607375
N/A,0097142832133
Shams Consultant,+971529040088
Shuraa Business Setup,+97144081900
Shuraa Business Setup,+971501577739
Sparta Management Consultancies,+971566727809
Speed Business Services,+97143869995
Stallions Corporate Services Providers LLC,+97143376411
Stallions Corporate Services Providers LLC,+971556378266
Standard Accountants and Consultants,+97143795200
Standard Accountants and Consultants,+971506546798
Startup Point Documents Clearance,+971527755262
TASNEED Business Setup Services LLC,+971525133194
Tayseer Business Center,+971501061749
The Doc Expert,+971565488446
The Ultimate Business Setup Services,+97144253088
Trust Genic Document Clearing,+97143271664
Trust Genic Document Clearing,+971559323087
UBL Corporate Service Provider,+971526318888
Universal Consultants DMCC,+97143745053
Universal Consultants DMCC,+971551098444
USH International,+97142665443
Vital Corporate Solutions,+97144323539
WBS Management Consultant,+971503418543
WBS Management Consultant,+971568067824
YABS Public Relations Management LLC,+97143865550
YABS Public Relations Management LLC,+971565204841
Yalah Documents Clearing Services LLC,+971525802100
Your Office Partners LLC,+97144257360
Your Office Partners LLC,+971556634515
N/A,0097142832133
